DROP TABLE IF EXISTS building_occupancies;
CREATE TABLE building_occupancies (id INTEGER PRIMARY KEY AUTO_INCREMENT NOT NULL, building_id integer, business_unit varchar(255), capacity integer, created_at datetime, updated_at datetime);
DROP TABLE IF EXISTS buildings;
CREATE TABLE buildings (id INTEGER PRIMARY KEY AUTO_INCREMENT NOT NULL, name varchar(255), short_name varchar(255), state varchar(255), suburb varchar(255), building_zone varchar(255) DEFAULT 'CBD', available_for_sip boolean, created_at datetime, updated_at datetime, floors_count integer DEFAULT 0);
INSERT INTO buildings VALUES(1,'275 Kent Street','275K','NSW','Sydney','CBD',0,'2009-10-28 07:18:56','2009-11-09 14:21:33',33);
INSERT INTO buildings VALUES(2,'60 Martin Place','60MP','NSW','Sydney','CBD',0,'2009-10-28 07:20:11','2009-10-28 07:20:11',30);
INSERT INTO buildings VALUES(3,'255 Elizabeth Street','255E','NSW','Sydney','CBD',1,'2009-11-03 11:44:10','2009-11-03 11:44:10',2);
INSERT INTO buildings VALUES(4,'182 George Street','182G','NSW','Sydney','CBD',0,'2009-11-03 11:58:32','2009-11-03 11:58:32',17);
INSERT INTO buildings VALUES(5,'12 Langston Place','EPP','NSW','Epping','Metro',1,'2009-11-03 12:31:14','2009-11-03 12:52:27',4);
INSERT INTO buildings VALUES(6,'1 King Street','CON','NSW','Concord West','Metro',0,'2009-11-03 12:50:36','2009-11-03 12:50:36',2);
INSERT INTO buildings VALUES(7,'4-16 Montgomery Street','KOG','NSW','Kogarah','Metro',1,'2009-11-03 12:52:14','2009-11-03 12:52:14',6);
INSERT INTO buildings VALUES(8,'33 Pitt Street','33P','NSW','Sydney','CBD',0,'2009-11-03 12:52:52','2009-11-03 12:52:52',11);
INSERT INTO buildings VALUES(9,'35 Pitt Street','35P','NSW','Sydney','CBD',0,'2009-11-03 12:53:07','2009-11-03 12:53:07',13);
INSERT INTO buildings VALUES(10,'2 Chifley Square','2CT','NSW','Sydney','CBD',0,'2009-11-03 12:53:31','2009-11-03 12:53:31',1);
INSERT INTO buildings VALUES(11,'32 Montgomery St','32MG','NSW','Kogarah','Metro',1,'2009-11-03 12:54:36','2009-11-03 12:54:36',1);
INSERT INTO buildings VALUES(12,'55 Market Street','55M','NSW','Sydney','CBD',1,'2009-11-03 12:55:24','2009-11-03 12:55:24',7);
INSERT INTO buildings VALUES(13,'75 George Street','75G','NSW','Parramatta','Metro',0,'2009-11-03 12:55:49','2009-11-03 12:55:49',4);
INSERT INTO buildings VALUES(14,'80 George Street','80G','NSW','Parramatta','Metro',0,'2009-11-03 12:56:09','2009-11-05 05:04:42',3);
INSERT INTO buildings VALUES(15,'316 George Street','316G','NSW','Sydney','CBD',1,'2009-11-03 12:56:46','2009-11-03 12:56:46',5);
INSERT INTO buildings VALUES(16,'400 George Street','400G','NSW','Sydney','CBD',0,'2009-11-09 11:55:10','2009-11-09 11:55:10',1);
DROP TABLE IF EXISTS floors;
CREATE TABLE floors (id INTEGER PRIMARY KEY AUTO_INCREMENT NOT NULL, building_id integer, floor_level varchar(255), active boolean DEFAULT 1, created_at datetime, updated_at datetime, capacity integer DEFAULT 0, opportunites_count integer DEFAULT 0, opportunities_count integer DEFAULT 0);
INSERT INTO floors VALUES(1,1,'B1',1,'2009-10-28 07:27:14','2009-11-26 13:12:19',0,0,0);
INSERT INTO floors VALUES(2,1,'G',1,'2009-10-28 07:28:10','2009-10-28 07:28:10',0,0,0);
INSERT INTO floors VALUES(3,1,'L01',1,'2009-10-28 07:28:17','2009-11-05 03:59:53',208,0,0);
INSERT INTO floors VALUES(4,2,'G',1,'2009-10-28 07:28:27','2009-10-28 07:28:27',0,0,0);
INSERT INTO floors VALUES(5,2,'L01',1,'2009-10-28 07:28:35','2009-11-05 05:06:07',122,0,1);
INSERT INTO floors VALUES(6,1,'L02',1,'2009-11-03 10:30:51','2009-11-05 04:00:03',362,0,0);
INSERT INTO floors VALUES(7,1,'L03',1,'2009-11-03 10:30:59','2009-11-05 04:00:16',359,0,0);
INSERT INTO floors VALUES(8,1,'L05',1,'2009-11-03 10:31:05','2009-11-05 04:00:51',128,0,1);
INSERT INTO floors VALUES(9,1,'L06',1,'2009-11-03 10:31:24','2009-11-05 04:01:05',238,0,0);
INSERT INTO floors VALUES(10,1,'L07',1,'2009-11-03 10:31:30','2009-11-05 04:01:15',115,0,0);
INSERT INTO floors VALUES(11,1,'L08',1,'2009-11-03 10:31:36','2009-11-05 04:01:25',262,0,1);
INSERT INTO floors VALUES(12,1,'L09',1,'2009-11-03 10:31:43','2009-11-05 04:01:50',221,0,0);
INSERT INTO floors VALUES(13,1,'L10',1,'2009-11-03 10:31:48','2009-11-05 04:02:04',262,0,0);
INSERT INTO floors VALUES(14,1,'L11',1,'2009-11-03 10:31:53','2009-11-05 04:02:17',262,0,0);
INSERT INTO floors VALUES(15,1,'L12',1,'2009-11-03 10:31:59','2009-11-05 04:02:30',246,0,0);
INSERT INTO floors VALUES(16,1,'L13',1,'2009-11-03 10:33:22','2009-11-05 04:02:44',262,0,0);
INSERT INTO floors VALUES(17,1,'L14',1,'2009-11-03 10:33:27','2009-11-05 04:02:59',231,0,0);
INSERT INTO floors VALUES(18,1,'L15',1,'2009-11-03 10:33:32','2009-11-05 04:03:12',120,0,0);
INSERT INTO floors VALUES(19,1,'L16',1,'2009-11-03 10:33:37','2009-11-05 04:03:23',268,0,0);
INSERT INTO floors VALUES(20,1,'L17',1,'2009-11-03 10:33:43','2009-11-05 04:03:34',238,0,1);
INSERT INTO floors VALUES(21,1,'L18',1,'2009-11-03 10:33:49','2009-11-05 04:03:52',265,0,0);
INSERT INTO floors VALUES(22,1,'L19',1,'2009-11-03 10:33:55','2009-11-05 04:04:03',234,0,0);
INSERT INTO floors VALUES(23,1,'L20',1,'2009-11-03 10:34:01','2009-11-05 04:04:14',266,0,1);
INSERT INTO floors VALUES(24,1,'L21',1,'2009-11-03 10:34:07','2009-11-05 04:04:23',22,0,0);
INSERT INTO floors VALUES(25,1,'L22',1,'2009-11-03 10:34:12','2009-11-03 10:34:12',0,0,0);
INSERT INTO floors VALUES(26,1,'L23',1,'2009-11-03 10:34:18','2009-11-03 10:34:18',0,0,0);
INSERT INTO floors VALUES(27,1,'L24',1,'2009-11-03 10:35:21','2009-11-05 04:04:49',146,0,0);
INSERT INTO floors VALUES(28,1,'L25',1,'2009-11-03 10:36:22','2009-11-05 04:05:05',154,0,0);
INSERT INTO floors VALUES(29,1,'L26',1,'2009-11-03 10:36:28','2009-11-05 04:05:15',184,0,0);
INSERT INTO floors VALUES(30,1,'L27',1,'2009-11-03 10:36:36','2009-11-05 04:05:30',179,0,0);
INSERT INTO floors VALUES(31,1,'L28',1,'2009-11-03 10:36:43','2009-11-05 04:05:40',182,0,0);
INSERT INTO floors VALUES(32,1,'L29',1,'2009-11-03 10:36:51','2009-11-05 04:05:48',185,0,0);
INSERT INTO floors VALUES(33,1,'L30',1,'2009-11-03 10:37:03','2009-11-05 04:05:59',153,0,0);
INSERT INTO floors VALUES(34,1,'L31',1,'2009-11-03 10:37:11','2009-11-05 04:06:14',186,0,0);
INSERT INTO floors VALUES(35,1,'L32',1,'2009-11-03 10:37:18','2009-11-05 04:06:21',98,0,0);
INSERT INTO floors VALUES(36,3,'L01',1,'2009-11-03 13:02:14','2009-11-05 04:55:23',153,0,0);
INSERT INTO floors VALUES(37,3,'L02',1,'2009-11-03 13:02:25','2009-11-05 04:55:30',150,0,0);
INSERT INTO floors VALUES(38,5,'G',0,'2009-11-03 13:47:37','2009-11-09 11:57:46',254,0,1);
INSERT INTO floors VALUES(39,5,'L01',1,'2009-11-03 13:49:57','2009-11-05 04:57:32',218,0,0);
INSERT INTO floors VALUES(40,5,'L02',1,'2009-11-03 13:50:10','2009-11-05 04:57:42',228,0,0);
INSERT INTO floors VALUES(41,5,'L03',1,'2009-11-03 13:50:36','2009-11-05 04:57:48',210,0,0);
INSERT INTO floors VALUES(42,6,'LG',1,'2009-11-03 13:53:53','2009-11-03 13:53:53',0,0,0);
INSERT INTO floors VALUES(43,6,'G',1,'2009-11-03 13:54:22','2009-11-05 04:58:09',1313,0,1);
INSERT INTO floors VALUES(44,7,'LG',1,'2009-11-03 13:54:49','2009-11-09 12:02:09',198,0,0);
INSERT INTO floors VALUES(45,7,'G',1,'2009-11-03 13:54:53','2009-11-09 12:01:24',465,0,0);
INSERT INTO floors VALUES(46,7,'L01',1,'2009-11-03 13:54:57','2009-11-09 12:01:36',812,0,0);
INSERT INTO floors VALUES(47,7,'L02',1,'2009-11-03 13:55:01','2009-11-09 12:01:46',398,0,0);
INSERT INTO floors VALUES(48,7,'L03',1,'2009-11-03 13:55:04','2009-11-09 12:01:54',250,0,0);
INSERT INTO floors VALUES(49,7,'L04',1,'2009-11-03 13:55:08','2009-11-09 12:02:01',171,0,0);
INSERT INTO floors VALUES(50,14,'L02',1,'2009-11-03 13:55:24','2009-11-09 12:00:03',101,0,0);
INSERT INTO floors VALUES(51,14,'L03',1,'2009-11-03 13:55:29','2009-11-09 12:00:10',111,0,0);
INSERT INTO floors VALUES(52,14,'L04',1,'2009-11-03 13:55:32','2009-11-09 12:00:16',118,0,0);
INSERT INTO floors VALUES(55,8,'L03',1,'2009-11-03 14:06:40','2009-11-09 11:38:22',14,0,0);
INSERT INTO floors VALUES(56,8,'L04',1,'2009-11-03 14:07:54','2009-11-03 14:07:54',0,0,0);
INSERT INTO floors VALUES(57,8,'L05',1,'2009-11-03 14:08:03','2009-11-09 11:38:34',40,0,0);
INSERT INTO floors VALUES(58,8,'L06',1,'2009-11-03 14:08:08','2009-11-09 11:38:43',32,0,0);
INSERT INTO floors VALUES(59,8,'L07',1,'2009-11-03 14:08:12','2009-11-09 11:38:51',52,0,0);
INSERT INTO floors VALUES(60,8,'L08',1,'2009-11-03 14:08:17','2009-11-09 11:39:00',52,0,0);
INSERT INTO floors VALUES(61,8,'L09',0,'2009-11-03 14:08:21','2009-11-09 11:39:06',46,0,0);
INSERT INTO floors VALUES(62,8,'L10',1,'2009-11-03 14:08:35','2009-11-09 11:39:13',48,0,0);
INSERT INTO floors VALUES(63,8,'L11',1,'2009-11-03 14:08:40','2009-11-09 11:39:24',53,0,0);
INSERT INTO floors VALUES(64,8,'L12',1,'2009-11-03 14:08:45','2009-11-09 11:39:33',40,0,0);
INSERT INTO floors VALUES(65,4,'G',1,'2009-11-05 03:42:12','2009-11-05 03:42:12',0,0,0);
INSERT INTO floors VALUES(66,9,'G',1,'2009-11-05 04:34:16','2009-11-05 04:34:16',0,0,0);
INSERT INTO floors VALUES(67,10,'L13',1,'2009-11-05 04:34:40','2009-11-05 04:34:40',177,0,0);
INSERT INTO floors VALUES(68,11,'G',1,'2009-11-05 04:35:01','2009-11-09 11:58:33',96,0,0);
INSERT INTO floors VALUES(69,12,'L02',1,'2009-11-05 04:35:24','2009-11-09 11:53:10',166,0,0);
INSERT INTO floors VALUES(70,13,'L01',1,'2009-11-05 04:35:39','2009-11-09 11:59:09',83,0,0);
INSERT INTO floors VALUES(71,15,'G',1,'2009-11-05 04:36:01','2009-11-05 04:36:01',0,0,0);
INSERT INTO floors VALUES(72,2,'L02',1,'2009-11-05 05:06:45','2009-11-05 05:06:45',111,0,0);
INSERT INTO floors VALUES(73,4,'L01',1,'2009-11-05 05:57:52','2009-11-09 11:33:14',28,0,0);
INSERT INTO floors VALUES(74,9,'L01',1,'2009-11-05 23:37:05','2009-11-05 23:37:05',0,0,0);
INSERT INTO floors VALUES(75,2,'L03',1,'2009-11-06 06:30:26','2009-11-09 11:27:52',146,0,0);
INSERT INTO floors VALUES(78,2,'L04',1,'2009-11-09 11:28:05','2009-11-09 11:28:05',72,0,0);
INSERT INTO floors VALUES(79,2,'L05',1,'2009-11-09 11:28:13','2009-11-09 11:28:13',77,0,0);
INSERT INTO floors VALUES(80,2,'L06',1,'2009-11-09 11:28:22','2009-11-09 11:28:22',93,0,0);
INSERT INTO floors VALUES(81,2,'L07',1,'2009-11-09 11:28:28','2009-11-09 11:28:28',102,0,0);
INSERT INTO floors VALUES(82,2,'L08',1,'2009-11-09 11:28:37','2009-11-09 11:28:41',80,0,0);
INSERT INTO floors VALUES(83,2,'L09',1,'2009-11-09 11:28:51','2009-11-09 11:28:51',84,0,0);
INSERT INTO floors VALUES(84,2,'L10',1,'2009-11-09 11:29:04','2009-11-09 11:29:04',40,0,0);
INSERT INTO floors VALUES(85,2,'L11',1,'2009-11-09 11:29:14','2009-11-09 11:29:14',81,0,0);
INSERT INTO floors VALUES(86,2,'L12',1,'2009-11-09 11:29:21','2009-11-09 11:29:21',20,0,0);
INSERT INTO floors VALUES(87,2,'L13',1,'2009-11-09 11:29:30','2009-11-09 11:29:30',91,0,0);
INSERT INTO floors VALUES(88,2,'L14',1,'2009-11-09 11:29:38','2009-11-09 11:29:38',76,0,0);
INSERT INTO floors VALUES(89,2,'L15',1,'2009-11-09 11:29:55','2009-11-09 11:29:55',80,0,0);
INSERT INTO floors VALUES(91,2,'L16',1,'2009-11-09 11:30:20','2009-11-09 11:30:20',98,0,0);
INSERT INTO floors VALUES(92,2,'L17',1,'2009-11-09 11:30:31','2009-11-09 11:30:31',75,0,0);
INSERT INTO floors VALUES(93,2,'L18',1,'2009-11-09 11:30:43','2009-11-09 11:30:43',81,0,0);
INSERT INTO floors VALUES(94,2,'L19',1,'2009-11-09 11:30:53','2009-11-09 11:30:53',87,0,0);
INSERT INTO floors VALUES(95,2,'L20',1,'2009-11-09 11:31:03','2009-11-09 11:31:03',78,0,0);
INSERT INTO floors VALUES(96,2,'L21',1,'2009-11-09 11:31:16','2009-11-09 11:31:16',75,0,0);
INSERT INTO floors VALUES(97,2,'L22',1,'2009-11-09 11:31:25','2009-11-09 11:31:25',84,0,0);
INSERT INTO floors VALUES(98,2,'L23',1,'2009-11-09 11:31:34','2009-11-09 11:31:34',90,0,0);
INSERT INTO floors VALUES(99,2,'L23',1,'2009-11-09 11:31:35','2009-11-09 11:31:35',90,0,0);
INSERT INTO floors VALUES(100,2,'L24',1,'2009-11-09 11:31:45','2009-11-09 11:31:45',89,0,0);
INSERT INTO floors VALUES(101,2,'L25',1,'2009-11-09 11:32:04','2009-11-09 11:32:04',83,0,0);
INSERT INTO floors VALUES(102,2,'L26',1,'2009-11-09 11:32:13','2009-11-09 11:32:13',94,0,0);
INSERT INTO floors VALUES(103,2,'L27',1,'2009-11-09 11:32:19','2009-11-09 11:32:19',64,0,0);
INSERT INTO floors VALUES(104,2,'L28',1,'2009-11-09 11:32:25','2009-11-09 11:32:25',0,0,0);
INSERT INTO floors VALUES(105,4,'L02',1,'2009-11-09 11:33:27','2009-11-09 11:33:27',56,0,0);
INSERT INTO floors VALUES(106,4,'L03',1,'2009-11-09 11:33:36','2009-11-09 11:33:36',84,0,0);
INSERT INTO floors VALUES(107,4,'L04',1,'2009-11-09 11:33:43','2009-11-09 11:33:43',74,0,0);
INSERT INTO floors VALUES(108,4,'L05',1,'2009-11-09 11:33:49','2009-11-09 11:33:49',64,0,0);
INSERT INTO floors VALUES(109,4,'L06',1,'2009-11-09 11:34:02','2009-11-09 11:34:02',84,0,0);
INSERT INTO floors VALUES(110,4,'L07',1,'2009-11-09 11:34:10','2009-11-09 11:34:10',83,0,0);
INSERT INTO floors VALUES(111,4,'L08',1,'2009-11-09 11:34:20','2009-11-09 11:34:20',44,0,0);
INSERT INTO floors VALUES(112,4,'L09',1,'2009-11-09 11:34:29','2009-11-09 11:34:29',57,0,0);
INSERT INTO floors VALUES(113,4,'L10',1,'2009-11-09 11:34:37','2009-11-09 11:34:37',37,0,0);
INSERT INTO floors VALUES(114,4,'L11',1,'2009-11-09 11:34:47','2009-11-09 11:34:47',54,0,0);
INSERT INTO floors VALUES(115,4,'L12',1,'2009-11-09 11:35:00','2009-11-09 11:35:00',76,0,0);
INSERT INTO floors VALUES(116,4,'L13',1,'2009-11-09 11:35:10','2009-11-09 11:35:10',73,0,0);
INSERT INTO floors VALUES(117,4,'L14',1,'2009-11-09 11:35:19','2009-11-09 11:35:19',57,0,0);
INSERT INTO floors VALUES(118,4,'L15',1,'2009-11-09 11:35:26','2009-11-09 11:35:26',25,0,0);
INSERT INTO floors VALUES(119,4,'L16',1,'2009-11-09 11:35:32','2009-11-09 11:35:32',0,0,0);
INSERT INTO floors VALUES(120,15,'L01',1,'2009-11-09 11:36:51','2009-11-09 11:36:51',4,0,0);
INSERT INTO floors VALUES(121,15,'L02',1,'2009-11-09 11:37:00','2009-11-09 11:37:00',13,0,0);
INSERT INTO floors VALUES(122,15,'L03',1,'2009-11-09 11:37:11','2009-11-09 11:37:11',40,0,0);
INSERT INTO floors VALUES(123,15,'L04',1,'2009-11-09 11:37:18','2009-11-09 11:37:18',7,0,0);
INSERT INTO floors VALUES(124,8,'L01',1,'2009-11-09 11:40:06','2009-11-09 11:40:06',0,0,0);
INSERT INTO floors VALUES(125,9,'L02',1,'2009-11-09 11:50:09','2009-11-09 11:50:09',9,0,0);
INSERT INTO floors VALUES(126,9,'L03',1,'2009-11-09 11:50:21','2009-11-09 11:50:27',61,0,0);
INSERT INTO floors VALUES(127,9,'L04',1,'2009-11-09 11:50:55','2009-11-09 11:50:55',0,0,0);
INSERT INTO floors VALUES(128,9,'L05',1,'2009-11-09 11:51:05','2009-11-09 11:51:05',75,0,0);
INSERT INTO floors VALUES(129,9,'L06',1,'2009-11-09 11:51:44','2009-11-09 11:51:44',74,0,0);
INSERT INTO floors VALUES(130,9,'L07',1,'2009-11-09 11:51:57','2009-11-09 11:51:57',63,0,0);
INSERT INTO floors VALUES(131,9,'L08',1,'2009-11-09 11:52:08','2009-11-09 11:52:08',50,0,0);
INSERT INTO floors VALUES(132,9,'L09',1,'2009-11-09 11:52:17','2009-11-09 11:52:17',0,0,0);
INSERT INTO floors VALUES(133,9,'L10',1,'2009-11-09 11:52:28','2009-11-09 11:52:28',67,0,0);
INSERT INTO floors VALUES(134,9,'L11',1,'2009-11-09 11:52:36','2009-11-09 11:52:36',27,0,0);
INSERT INTO floors VALUES(135,9,'L12',1,'2009-11-09 11:52:44','2009-11-09 11:52:44',23,0,0);
INSERT INTO floors VALUES(136,12,'L03',1,'2009-11-09 11:53:20','2009-11-09 11:53:29',68,0,0);
INSERT INTO floors VALUES(137,12,'L04',1,'2009-11-09 11:53:49','2009-11-09 11:53:49',78,0,0);
INSERT INTO floors VALUES(138,12,'L09',1,'2009-11-09 11:54:09','2009-11-09 11:54:09',76,0,0);
INSERT INTO floors VALUES(139,12,'L10',1,'2009-11-09 11:54:17','2009-11-09 11:54:17',53,0,0);
INSERT INTO floors VALUES(140,12,'L11',1,'2009-11-09 11:54:24','2009-11-09 11:54:24',101,0,0);
INSERT INTO floors VALUES(141,12,'L12',1,'2009-11-09 11:54:32','2009-11-09 11:54:32',91,0,0);
INSERT INTO floors VALUES(142,16,'L12',1,'2009-11-09 11:56:52','2009-11-09 11:56:52',143,0,0);
INSERT INTO floors VALUES(143,13,'L02',1,'2009-11-09 11:59:23','2009-11-09 11:59:23',207,0,0);
INSERT INTO floors VALUES(144,13,'L03',1,'2009-11-09 11:59:32','2009-11-09 11:59:32',196,0,0);
INSERT INTO floors VALUES(145,13,'L04',1,'2009-11-09 11:59:43','2009-11-09 11:59:43',162,0,0);
DROP TABLE IF EXISTS opportunities;
CREATE TABLE opportunities (id INTEGER PRIMARY KEY AUTO_INCREMENT NOT NULL, floor_id integer, num_seats_departing integer, num_seats_arriving integer, business_unit varchar(255), team varchar(255), move_type varchar(255) DEFAULT 'MOVE', notes text, status varchar(255) DEFAULT 'Opportunity', key_move boolean DEFAULT 0, applied boolean DEFAULT 0, created_at datetime, updated_at datetime, est_date date, floor_id_arriving integer);
INSERT INTO opportunities VALUES(10,23,80,80,'WIB','BAU Risk Project','MOVE','','Agreed',0,0,'2009-11-03 13:03:40','2009-11-27 07:29:06','2009-12-11',37);
INSERT INTO opportunities VALUES(11,8,21,21,'TECH','Telstra/IBM','WRKS','','Agreed',0,0,'2009-11-03 13:06:33','2009-11-25 06:19:51','2009-11-04',20);
INSERT INTO opportunities VALUES(13,11,9,100,'TECH','Online Transformation (RBB)','SIZE','','Agreed',1,0,'2009-11-03 13:10:55','2009-11-25 06:20:54','2009-12-04',20);
INSERT INTO opportunities VALUES(14,20,50,93,'CORP','Finance (Phil)','MOVE','','Agreed',0,0,'2009-11-03 13:13:15','2009-11-24 21:58:10','2009-12-02',63);
INSERT INTO opportunities VALUES(16,5,50,50,'TECH','Eelco Lijding','MOVE','','Agreed',0,0,'2009-11-03 14:28:05','2009-11-25 06:22:58','2009-11-06',40);
INSERT INTO opportunities VALUES(19,38,0,255,'TECH','BCM','WRKS','','Opportunity',0,0,'2009-11-08 06:03:25','2009-11-24 21:43:59','2009-12-08',1);
INSERT INTO opportunities VALUES(21,43,45,58,'BT','504092','MOVE','','Qualified',0,0,'2009-11-25 07:26:56','2009-11-25 07:27:12','2011-01-01',43);
DROP TABLE IF EXISTS opportunity_items;
CREATE TABLE opportunity_items (id INTEGER PRIMARY KEY AUTO_INCREMENT NOT NULL, opportunity_id integer, from_floor_id integer, from_floor_seats integer, to_floor_id integer, to_floor_seats integer, cost_centre varchar(255), team_name varchar(255), contact_name varchar(255), notes text, created_at datetime, updated_at datetime);
DROP TABLE IF EXISTS schema_migrations;
CREATE TABLE schema_migrations (version varchar(255) NOT NULL);
INSERT INTO schema_migrations VALUES('20091028043405');
INSERT INTO schema_migrations VALUES('20091028043825');
INSERT INTO schema_migrations VALUES('20091028044226');
INSERT INTO schema_migrations VALUES('20091028055542');
INSERT INTO schema_migrations VALUES('20091028115940');
INSERT INTO schema_migrations VALUES('20091028132546');
INSERT INTO schema_migrations VALUES('20091105025559');
INSERT INTO schema_migrations VALUES('20091105222918');
INSERT INTO schema_migrations VALUES('20091116120654');
INSERT INTO schema_migrations VALUES('20091124212906');
INSERT INTO schema_migrations VALUES('20091126111717');
INSERT INTO schema_migrations VALUES('20091126122530');
INSERT INTO schema_migrations VALUES('20091127072303');
INSERT INTO schema_migrations VALUES('20091127075102');
DROP TABLE IF EXISTS static_items;
CREATE TABLE static_items (id INTEGER PRIMARY KEY AUTO_INCREMENT NOT NULL, list_name varchar(255), list_item varchar(255), created_at datetime, updated_at datetime, list_key varchar(255), list_img varchar(255));
INSERT INTO static_items VALUES(1,'BusinessUnit','P&O','2009-10-28 05:56:28','2009-10-28 12:09:32','P&O','#FF6600');
INSERT INTO static_items VALUES(2,'BusinessUnit','RBB','2009-10-28 05:56:39','2009-10-28 12:09:45','RBB','#66CC00');
INSERT INTO static_items VALUES(3,'BusinessUnit','WIB','2009-10-28 05:58:00','2009-10-28 12:10:27','WIB','#FFCC00');
INSERT INTO static_items VALUES(4,'BusinessUnit','CORP','2009-10-28 05:58:14','2009-10-28 12:10:19','CORP','#6666CC');
INSERT INTO static_items VALUES(5,'BusinessUnit','TECH','2009-10-28 05:58:21','2009-10-28 12:10:41','TECH','#3399FF');
INSERT INTO static_items VALUES(6,'BusinessUnit','BT','2009-10-28 05:58:41','2009-10-28 12:10:54','BT','#009999');
INSERT INTO static_items VALUES(7,'BusinessUnit','SIP','2009-10-28 05:59:18','2009-10-28 12:11:05','SIP','#CCCCCC');
INSERT INTO static_items VALUES(8,'BusinessUnit','Other','2009-10-28 05:59:34','2009-11-03 12:09:40','Other','#FF66FF');
INSERT INTO static_items VALUES(9,'State','NSW','2009-10-28 06:11:46','2009-10-28 06:11:46',NULL,NULL);
INSERT INTO static_items VALUES(10,'State','QLD','2009-10-28 06:11:57','2009-10-28 06:11:57',NULL,NULL);
INSERT INTO static_items VALUES(11,'State','SA','2009-10-28 06:12:05','2009-10-28 06:12:05',NULL,NULL);
INSERT INTO static_items VALUES(12,'State','TAS','2009-10-28 06:12:14','2009-10-28 06:12:14',NULL,NULL);
INSERT INTO static_items VALUES(13,'State','VIC','2009-10-28 06:12:22','2009-10-28 06:12:22',NULL,NULL);
INSERT INTO static_items VALUES(14,'State','WA','2009-10-28 06:12:33','2009-10-28 06:12:33',NULL,NULL);
INSERT INTO static_items VALUES(15,'State','NT','2009-10-28 06:13:32','2009-10-28 06:13:32',NULL,NULL);
INSERT INTO static_items VALUES(16,'State','ACT','2009-10-28 06:13:40','2009-10-28 06:13:40',NULL,NULL);
INSERT INTO static_items VALUES(17,'MoveType','MOVE','2009-10-28 06:18:54','2009-10-28 12:59:28','MOVE','/images/arrow_switch.png');
INSERT INTO static_items VALUES(18,'MoveType','SIZE','2009-10-28 06:19:02','2009-10-28 12:53:59','SIZE','/images/arrow_out.png');
INSERT INTO static_items VALUES(19,'MoveType','WRKS','2009-10-28 06:19:12','2009-10-28 12:54:14','WRKS','/images/cog.png');
INSERT INTO static_items VALUES(20,'OpportunityStatus','Opportunity','2009-10-28 06:22:33','2009-11-09 11:47:46','OPP','/images/lightbulb_off.png');
INSERT INTO static_items VALUES(21,'OpportunityStatus','Qualified','2009-10-28 06:22:42','2009-11-09 11:47:56','QLF','/images/lightbulb.png');
INSERT INTO static_items VALUES(22,'OpportunityStatus','Planning','2009-10-28 06:23:01','2009-11-09 11:48:05','PLN','/images/calendar.png');
INSERT INTO static_items VALUES(23,'OpportunityStatus','Agreed','2009-10-28 06:23:11','2009-11-09 11:48:13','AGR','/images/thumb_up.png');
INSERT INTO static_items VALUES(24,'OpportunityStatus','Delivered','2009-10-28 06:23:18','2009-11-09 13:47:56','FIN','/images/tick.png');
INSERT INTO static_items VALUES(25,'BuildingZone','CBD','2009-10-28 07:13:22','2009-10-28 07:13:27',NULL,NULL);
INSERT INTO static_items VALUES(26,'BuildingZone','Metro','2009-10-28 07:13:35','2009-10-28 07:13:35',NULL,NULL);
INSERT INTO static_items VALUES(27,'StandardIcon','Edit','2009-11-03 10:54:05','2009-11-04 11:09:25','Edit','/images/pencil.png');
INSERT INTO static_items VALUES(28,'StandardIcon','Add','2009-11-03 10:56:26','2009-11-03 10:56:26','Add','/images/table_add.png');
INSERT INTO static_items VALUES(29,'StandardIcon','Person','2009-11-03 11:12:09','2009-11-03 11:14:56','Person','/images/user_suit.png');
INSERT INTO static_items VALUES(30,'StandardIcon','Show','2009-11-03 11:14:03','2009-11-03 11:14:03','Show','/images/table_go.png');
INSERT INTO static_items VALUES(31,'StandardIcon','Destroy','2009-11-03 11:14:36','2009-11-03 11:14:36','Destroy','/images/table_delete.png');
INSERT INTO static_items VALUES(32,'StandardIcon','Zone','2009-11-03 11:31:13','2009-11-03 11:31:13','Zone','/images/map.png');
INSERT INTO static_items VALUES(33,'StandardIcon','SIP','2009-11-03 11:31:36','2009-11-03 11:31:36','SIP','/images/briefcase.png');
INSERT INTO static_items VALUES(34,'StandardIcon','Opportunity','2009-11-03 11:34:18','2009-11-03 11:34:42','Opportunity','/images/building.png');
INSERT INTO static_items VALUES(35,'StandardIcon','Yes','2009-11-03 11:36:17','2009-11-03 11:36:17','Yes','/images/accept.png');
INSERT INTO static_items VALUES(36,'StandardIcon','No','2009-11-03 11:36:36','2009-11-03 11:36:36','No','/images/cross.png');
INSERT INTO static_items VALUES(37,'StandardColour','table_row','2009-11-03 11:45:40','2009-11-03 11:45:40','table_row','#D5E8FF');
INSERT INTO static_items VALUES(38,'MoveType','SIP','2009-11-03 14:48:54','2009-11-03 14:48:54','SIP','/images/briefcase.png');
INSERT INTO static_items VALUES(39,'StandardIcon','Date','2009-11-03 14:51:34','2009-11-03 14:52:23','Date','/images/calendar_view_day.png');
DROP TABLE IF EXISTS users;
CREATE TABLE users (id INTEGER PRIMARY KEY AUTO_INCREMENT NOT NULL, username varchar(255), email varchar(255), crypted_password varchar(255), password_salt varchar(255), persistence_token varchar(255), login_count integer DEFAULT 0 NOT NULL, failed_login_count integer DEFAULT 0 NOT NULL, last_login_at varchar(255), last_login_ip varchar(255), created_at datetime, updated_at datetime, roles_mask integer, time_zone varchar(255));
INSERT INTO users VALUES(1,'geth','gethryn@ghavalas.com','bc2f1adaef19421d50b5e8ecb208255710c5c9e131978caba81ca5c8efda399f6535a9ea398a71ff77e79821fd8495e99572c6854982e43fda1d9f00cb008b2e','QHs7qGgunEqC0PH_TVRQ','a72ab3d7ddc2190381c15e0db9d75e5b916dd06451899d7247d2d42aeae27c7810fa50aee073de54f88742fa116ed9bfaae76352af9627c1c5dfe4ea64f7b354',15,0,NULL,NULL,'2009-11-26 11:32:27','2009-11-29 09:43:14',1,'Sydney');
INSERT INTO users VALUES(2,'geth_auth','gethryn@mac.com','5be9aab6538ab5b40d74aeb54c7c9394a5ad8ffe304bb44d41f191920a797a18cc423fbc666b2803eac929e6b66e4b953d8e4cdff38b1fb96a29e96e3af8f1ad','F5EDJIZWjtzW-EfJ6fQl','990456c6441cc18fe5e543b0f818efbd709c1f6051293037638b302907ebb51f644b245365801c0525bf325b551591fbb692da77767c4c5cdf3b121792958b3f',2,0,NULL,NULL,'2009-11-26 13:07:31','2009-11-26 13:26:52',4,NULL);
CREATE INDEX index_floors_on_building_id ON floors (building_id);
CREATE INDEX index_opportunities_on_floor_id ON opportunities (floor_id);
CREATE UNIQUE INDEX unique_schema_migrations ON schema_migrations (version);
